FHS,102,7112,Loaner,Loaner
FHS,102,7293,Loaner,Loaner
FHS,102,6413,Loaner,Loaner
FHS,102,5164,Loaner,Loaner
FHS,102,5120,Loaner,Loaner
FHS,102,6462,Loaner,Loaner
FHS,102,6822,Loaner,Loaner
FHS,103,6690,Loaner,Loaner
FHS,103,6559,Loaner,Loaner
FHS,103,7121,Loaner,Loaner
FHS,104,7852,Loaner,Loaner
FHS,104,6489,Loaner,Loaner
FHS,105,6841,Loaner,Loaner
FHS,105,6780,Loaner,Loaner
FHS,105,5147,Loaner,Loaner
FHS,105,2802,Loaner,Loaner
FHS,105,5871,Loaner,Loaner
FHS,106,7059,Loaner,Loaner
FHS,106,7117,Loaner,Loaner
FHS,106,6869,Loaner,Loaner
FHS,106,5578,Loaner,Loaner
FHS,107,6478,Loaner,Loaner
FHS,107,6637,Loaner,Loaner
FHS,108,6480,Loaner,Loaner
FHS,108,2753,Loaner,Loaner
FHS,108,6485,Loaner,Loaner
FHS,108,5133,Loaner,Loaner
FHS,401,6786,Loaner,Loaner
FHS,401,6736,Loaner,Loaner
FHS,401,7066,Loaner,Loaner
FHS,401,6844,Loaner,Loaner
FHS,401,5160,Loaner,Loaner
FHS,403,6486,Loaner,Loaner
FHS,403,2772,Loaner,Loaner
FHS,403,6691,Loaner,Loaner
FHS,403,7770,Loaner,Loaner
FHS,405,7297,Loaner,Loaner
FHS,405,5161,Loaner,Loaner
FHS,405,7049,Loaner,Loaner
FHS,406,5163,Loaner,Loaner
FHS,406,6712,Loaner,Loaner
FHS,406,6706,Loaner,Loaner
FHS,406,7102,Loaner,Loaner
FHS,407,6874,Loaner,Loaner
FHS,407,2769,Loaner,Loaner
FHS,407,2747,Loaner,Loaner
FHS,408,6605,Loaner,Loaner
FHS,408,6751,Loaner,Loaner
FHS,408,6654,Loaner,Loaner
FHS,409,7266,Loaner,Loaner
FHS,409,6821,Loaner,Loaner
FHS,409,7288,Loaner,Loaner
FHS,411,7263,Loaner,Loaner
FHS,411,7241,Loaner,Loaner
FHS,411,7271,Loaner,Loaner
FHS,411,2847,Loaner,Loaner
FHS,411,6179,Loaner,Loaner
FHS,411,7225,Loaner,Loaner
FHS,411,2740,Loaner,Loaner
FHS,411,4026,Loaner,Loaner
FHS,413,6862,Loaner,Loaner
FHS,413,7174,Loaner,Loaner
FHS,601,7028,Loaner,Loaner
FHS,601,5129,Loaner,Loaner
FHS,601,2766,Loaner,Loaner
FHS,601,6618,Loaner,Loaner
FHS,701,5165,Loaner,Loaner
FHS,701,6561,Loaner,Loaner
FHS,701,6489,Loaner,Loaner
FHS,701,6863,Loaner,Loaner
FHS,701,5112,Loaner,Loaner
FHS,701,5142,Loaner,Loaner
FHS,702,6427,Loaner,Loaner
FHS,702,7074,Loaner,Loaner
FHS,702,5627,Loaner,Loaner
FHS,702,6508,Loaner,Loaner
FHS,702,6735,Loaner,Loaner
FHS,702,7108,Loaner,Loaner
