FHS,None,7011,Good,Unassigned
FHS,None,6657,Good,Unassigned
FHS,None,5582,Good,Unassigned
FHS,None,7088,Good,Unassigned
FHS,None,7114,Good,Unassigned
FHS,None,6433,Good,Unassigned
FHS,None,7211,Good,Unassigned
FHS,None,6696,Good,Unassigned
FHS,None,7185,Good,Unassigned
FHS,None,6635,Good,Unassigned
FHS,None,7042,Good,Unassigned
FHS,None,7214,Good,Unassigned
FHS,None,6485,Good,Unassigned
FHS,None,7026,Good,Unassigned
FHS,None,6502,Good,Unassigned
FHS,None,7056,Good,Unassigned
FHS,None,6685,Good,Unassigned
FHS,None,6692,Good,Unassigned
FHS,None,6526,Good,Unassigned
FHS,None,6799,Good,Unassigned
FHS,None,7265,Good,Unassigned
FHS,None,7096,Good,Unassigned
FHS,None,5564,Good,Unassigned
FHS,None,7189,Good,Unassigned
FHS,None,7247,Good,Unassigned
FHS,None,2800,Good,Unassigned
FHS,None,6556,Good,Unassigned
FHS,None,5802,Good,Unassigned
FHS,None,4037,Good,Unassigned
FHS,None,7190,Good,Unassigned
FHS,None,6636,Good,Unassigned
FHS,None,5584,Good,Unassigned
FHS,None,7264,Good,Unassigned
FHS,None,6735,Good,Unassigned
FHS,None,6884,Good,Unassigned
FHS,None,6673,Good,Unassigned
FHS,None,5851,Good,Unassigned
FHS,None,5870,Good,Unassigned
FHS,None,6624,Good,Unassigned
FHS,None,6536,Good,Unassigned
FHS,None,5644,Good,Unassigned
FHS,None,7092,Good,Unassigned
FHS,None,6748,Good,Unassigned
FHS,None,6475,Good,Unassigned
FHS,None,7105,Good,Unassigned
FHS,None,6889,Good,Unassigned
FHS,None,6476,Good,Unassigned
FHS,None,5875,Good,Unassigned
FHS,None,7076,Good,Unassigned
FHS,None,7008,Good,Unassigned
FHS,None,7071,Good,Unassigned
FHS,None,7226,Good,Unassigned
FHS,None,6422,Good,Unassigned
FHS,None,7288,Good,Unassigned
FHS,None,6898,Good,Unassigned
FHS,None,7184,Good,Unassigned
FHS,None,7044,Good,Unassigned
FHS,None,6755,Good,Unassigned
FHS,None,6638,Good,Unassigned
FHS,None,6783,Good,Unassigned
FHS,None,7099,Good,Unassigned
FHS,None,7040,Good,Unassigned
FHS,None,6726,Good,Unassigned
FHS,None,7274,Good,Unassigned
FHS,None,6897,Good,Unassigned
FHS,None,6736,Good,Unassigned
FHS,None,7104,Good,Unassigned
FHS,None,6710,Good,Unassigned
FHS,None,6528,Good,Unassigned
FHS,None,5783,Good,Unassigned
FHS,None,6732,Good,Unassigned
FHS,None,7035,Good,Unassigned
FHS,None,5642,Good,Unassigned
FHS,None,7240,Good,Unassigned
FHS,None,6894,Good,Unassigned
FHS,None,6838,Good,Unassigned
FHS,None,7041,Good,Unassigned
FHS,None,6529,Good,Unassigned
FHS,None,6633,Good,Unassigned
FHS,None,6459,Good,Unassigned
FHS,None,5587,Good,Unassigned
FHS,None,6832,Good,Unassigned
FHS,None,5454,Good,Unassigned
FHS,None,6669,Good,Unassigned
FHS,None,7081,Good,Unassigned
FHS,None,6164,Good,Unassigned
FHS,None,7106,Good,Unassigned
FHS,None,6824,Good,Unassigned
FHS,None,7066,Good,Unassigned
FHS,None,2758,Good,Unassigned
FHS,None,6904,Good,Unassigned
FHS,None,6533,Good,Unassigned
FHS,None,5161,Good,Unassigned
FHS,None,7091,Good,Unassigned
FHS,None,6873,Good,Unassigned
FHS,None,6474,Good,Unassigned
FHS,None,6488,Good,Unassigned
FHS,None,7068,Good,Unassigned
FHS,None,2774,Good,Unassigned
FHS,None,5151,Good,Unassigned
FHS,None,7010,Good,Unassigned
FHS,None,7089,Good,Unassigned
FHS,None,6593,Good,Unassigned
FHS,None,6675,Good,Unassigned
FHS,None,6432,Good,Unassigned
FHS,None,6826,Good,Unassigned
FHS,None,6831,Good,Unassigned
FHS,None,6576,Good,Unassigned
FHS,None,7297,Good,Unassigned
FHS,None,5577,Good,Unassigned
FHS,None,6907,Good,Unassigned
FHS,None,6905,Good,Unassigned
FHS,None,6693,Good,Unassigned
FHS,None,7123,Good,Unassigned
FHS,None,7085,Good,Unassigned
FHS,None,7206,Good,Unassigned
FHS,None,6860,Good,Unassigned
FHS,None,7181,Good,Unassigned
FHS,None,6865,Good,Unassigned
FHS,None,6569,Good,Unassigned
FHS,None,6597,Good,Unassigned
FHS,None,7221,Good,Unassigned
FHS,None,6446,Good,Unassigned
FHS,None,6849,Good,Unassigned
FHS,None,6902,Good,Unassigned
FHS,None,5572,Good,Unassigned
FHS,None,6519,Good,Unassigned
FHS,None,7107,Good,Unassigned
FHS,None,6420,Good,Unassigned
FHS,None,7204,Good,Unassigned
FHS,None,6619,Good,Unassigned
FHS,None,7273,Good,Unassigned
FHS,None,7060,Good,Unassigned
FHS,None,6532,Good,Unassigned
FHS,None,6690,Good,Unassigned
FHS,None,6798,Good,Unassigned
FHS,None,6828,Good,Unassigned
FHS,None,7177,Good,Unassigned
FHS,None,5154,Good,Unassigned
FHS,None,6484,Good,Unassigned
FHS,None,6574,Good,Unassigned
FHS,None,5820,Good,Unassigned
FHS,None,7005,Good,Unassigned
FHS,None,6721,Good,Unassigned
FHS,None,6518,Good,Unassigned
FHS,None,6908,Good,Unassigned
FHS,None,6670,Good,Unassigned
FHS,None,6800,Good,Unassigned
FHS,None,7169,Good,Unassigned
FHS,None,6566,Good,Unassigned
FHS,None,7125,Good,Unassigned
FHS,None,5107,Good,Unassigned
FHS,None,6851,Good,Unassigned
FHS,None,6487,Good,Unassigned
FHS,None,6434,Good,Unassigned
FHS,None,6665,Good,Unassigned
FHS,None,7015,Good,Unassigned
FHS,None,7166,Good,Unassigned
FHS,None,2801,Good,Unassigned
FHS,None,6623,Good,Unassigned
FHS,None,6809,Good,Unassigned
FHS,None,7048,Good,Unassigned
FHS,None,5122,Good,Unassigned
FHS,None,5150,Good,Unassigned
FHS,None,6911,Good,Unassigned
FHS,None,6629,Good,Unassigned
FHS,None,6498,Good,Unassigned
FHS,None,6641,Good,Unassigned
FHS,None,2754,Good,Unassigned
FHS,None,6855,Good,Unassigned
FHS,None,6551,Good,Unassigned
FHS,None,6808,Good,Unassigned
FHS,None,6464,Good,Unassigned
FHS,None,7171,Good,Unassigned
FHS,None,7002,Good,Unassigned
FHS,None,5877,Good,Unassigned
FHS,None,6615,Good,Unassigned
FHS,None,6793,Good,Unassigned
FHS,None,7195,Good,Unassigned
FHS,None,6910,Good,Unassigned
FHS,None,7165,Good,Unassigned
FHS,None,5975,Good,Unassigned
FHS,None,5152,Good,Unassigned
FHS,None,6570,Good,Unassigned
FHS,None,8414,Good,Unassigned
FHS,None,7234,Good,Unassigned
FHS,None,6823,Good,Unassigned
FHS,None,5574,Good,Unassigned
FHS,None,2739,Good,Unassigned
FHS,None,6547,Good,Unassigned
FHS,None,6864,Good,Unassigned
FHS,None,7167,Good,Unassigned
FHS,None,6429,Good,Unassigned
FHS,None,6537,Good,Unassigned
FHS,None,6743,Good,Unassigned
FHS,None,6578,Good,Unassigned
FHS,None,6591,Good,Unassigned
FHS,None,6490,Good,Unassigned
FHS,None,6492,Good,Unassigned
FHS,None,7160,Good,Unassigned
FHS,None,6587,Good,Unassigned
FHS,None,6577,Good,Unassigned
FHS,None,6761,Good,Unassigned
FHS,None,5588,Good,Unassigned
FHS,None,7004,Good,Unassigned
FHS,None,6493,Good,Unassigned
FHS,None,7229,Good,Unassigned
FHS,None,6425,Good,Unassigned
FHS,None,7023,Good,Unassigned
FHS,None,6342,Good,Unassigned
FHS,None,7285,Good,Unassigned
FHS,None,4035,Good,Unassigned
FHS,None,7270,Good,Unassigned
FHS,None,7201,Good,Unassigned
FHS,None,6837,Good,Unassigned
FHS,None,5571,Good,Unassigned
FHS,None,6565,Good,Unassigned
FHS,None,6840,Good,Unassigned
FHS,None,7186,Good,Unassigned
FHS,None,7120,Good,Unassigned
FHS,None,6776,Good,Unassigned
FHS,None,6461,Good,Unassigned
FHS,None,6495,Good,Unassigned
FHS,None,7073,Good,Unassigned
FHS,None,6421,Good,Unassigned
FHS,None,6678,Good,Unassigned
FHS,None,5565,Good,Unassigned
FHS,None,7161,Good,Unassigned
FHS,None,6683,Good,Unassigned
FHS,None,7133,Good,Unassigned
FHS,None,6694,Good,Unassigned
FHS,None,7276,Good,Unassigned
FHS,None,6664,Good,Unassigned
FHS,None,7051,Good,Unassigned
FHS,None,6504,Good,Unassigned
FHS,None,6540,Good,Unassigned
FHS,None,7101,Good,Unassigned
FHS,None,6667,Good,Unassigned
FHS,None,6782,Good,Unassigned
FHS,None,6435,Good,Unassigned
FHS,None,6543,Good,Unassigned
FHS,None,5581,Good,Unassigned
FHS,None,6867,Good,Unassigned
FHS,None,6632,Good,Unassigned
FHS,None,6738,Good,Unassigned
FHS,None,6719,Good,Unassigned
FHS,None,7083,Good,Unassigned
FHS,None,5566,Good,Unassigned
FHS,None,5643,Good,Unassigned
FHS,None,6672,Good,Unassigned
FHS,None,6470,Good,Unassigned
FHS,None,6756,Good,Unassigned
FHS,None,6858,Good,Unassigned
FHS,None,5570,Good,Unassigned
FHS,None,6592,Good,Unassigned
FHS,None,6803,Good,Unassigned
FHS,None,6819,Good,Unassigned
FHS,None,6630,Good,Unassigned
FHS,None,7238,Good,Unassigned
FHS,None,6553,Good,Unassigned
FHS,None,5124,Good,Unassigned
FHS,None,6473,Good,Unassigned
FHS,None,2764,Good,Unassigned
FHS,None,7289,Good,Unassigned
FHS,None,7291,Good,Unassigned
FHS,None,5576,Good,Unassigned
FHS,None,6426,Good,Unassigned
FHS,None,6659,Good,Unassigned
FHS,None,5113,Good,Unassigned
FHS,None,7034,Good,Unassigned
FHS,None,7006,Good,Unassigned
FHS,None,7202,Good,Unassigned
FHS,None,5167,Good,Unassigned
FHS,None,6562,Good,Unassigned
FHS,None,7130,Good,Unassigned
FHS,None,6347,Good,Unassigned
FHS,None,6507,Good,Unassigned
FHS,None,5860,Good,Unassigned
FHS,None,6181,Good,Unassigned
FHS,None,5561,Good,Unassigned
FHS,None,6586,Good,Unassigned
FHS,None,6833,Good,Unassigned
FHS,None,5134,Good,Unassigned
FHS,None,7014,Good,Unassigned
FHS,None,7275,Good,Unassigned
FHS,None,6545,Good,Unassigned
FHS,None,6447,Good,Unassigned
FHS,None,2795,Good,Unassigned
FHS,None,7209,Good,Unassigned
FHS,None,6512,Good,Unassigned
FHS,None,7122,Good,Unassigned
FHS,None,6634,Good,Unassigned
FHS,None,6842,Good,Unassigned
FHS,None,7118,Good,Unassigned
FHS,None,5148,Good,Unassigned
FHS,None,2757,Good,Unassigned
FHS,None,6539,Good,Unassigned
FHS,None,5863,Good,Unassigned
FHS,None,7119,Good,Unassigned
FHS,None,6579,Good,Unassigned
FHS,None,6225,Good,Unassigned
FHS,None,6538,Good,Unassigned
FHS,None,6877,Good,Unassigned
FHS,None,6850,Good,Unassigned
FHS,None,7043,Good,Unassigned
FHS,None,5143,Good,Unassigned
FHS,None,6517,Good,Unassigned
FHS,None,6741,Good,Unassigned
FHS,None,6702,Good,Unassigned
FHS,None,5108,Good,Unassigned
FHS,None,7162,Good,Unassigned
FHS,None,7218,Good,Unassigned
FHS,None,2853,Good,Unassigned
FHS,None,7061,Good,Unassigned
FHS,None,6759,Good,Unassigned
FHS,None,7022,Good,Unassigned
FHS,None,6584,Good,Unassigned
FHS,None,7280,Good,Unassigned
FHS,None,7057,Good,Unassigned
FHS,None,7570,Good,Unassigned
FHS,None,6524,Good,Unassigned
FHS,None,6458,Good,Unassigned
FHS,None,6791,Good,Unassigned
FHS,None,4038,Good,Unassigned
FHS,None,2882,Good,Unassigned
FHS,None,2759,Good,Unassigned
FHS,None,6173,Good,Unassigned
FHS,None,6223,Good,Unassigned
FHS,None,6251,Good,Unassigned
FHS,None,5880,Good,Unassigned
FHS,None,7135,Good,Unassigned
FHS,None,2762,Good,Unassigned
FHS,None,6595,Good,Unassigned
FHS,None,2741,Good,Unassigned
FHS,None,2770,Good,Unassigned
FHS,None,6875,Good,Unassigned
FHS,None,5567,Good,Unassigned
FHS,None,7272,Good,Unassigned
FHS,None,2798,Good,Unassigned
FHS,None,2804,Good,Unassigned
FHS,None,6817,Good,Unassigned
FHS,None,2787,Good,Unassigned
FHS,None,6465,Good,Unassigned
FHS,None,7082,Good,Unassigned
FHS,None,7219,Good,Unassigned
FHS,None,7156,Good,Unassigned
FHS,None,6679,Good,Unassigned
FHS,None,6653,Good,Unassigned
FHS,None,7528,Good,Unassigned
FHS,None,2743,Good,Unassigned
FHS,None,5634,Good,Unassigned
FHS,None,2751,Good,Unassigned
FHS,None,7078,Good,Unassigned
FHS,None,5637,Good,Unassigned
FHS,None,6480,Good,Unassigned
FHS,None,2803,Good,Unassigned
FHS,None,6888,Good,Unassigned
FHS,None,7070,Good,Unassigned
FHS,None,6285,Good,Unassigned
FHS,None,6856,Good,Unassigned
FHS,None,7064,Good,Unassigned
FHS,None,6506,Good,Unassigned
FHS,None,6882,Good,Unassigned
FHS,None,6762,Good,Unassigned
FHS,None,6681,Good,Unassigned
FHS,None,6682,Good,Unassigned
FHS,None,5631,Good,Unassigned
FHS,None,5126,Good,Unassigned
FHS,None,2749,Good,Unassigned
FHS,None,6423,Good,Unassigned
FHS,None,5101,Good,Unassigned
FHS,None,6346,Good,Unassigned
FHS,None,7266,Good,Unassigned
FHS,None,5857,Good,Unassigned
FHS,None,6728,Good,Unassigned
FHS,None,6734,Good,Unassigned
FHS,None,5135,Good,Unassigned
FHS,None,2785,Good,Unassigned
FHS,None,6560,Good,Unassigned
FHS,None,2742,Good,Unassigned
FHS,None,7159,Good,Unassigned
FHS,None,5858,Good,Unassigned
FHS,None,7021,Good,Unassigned
FHS,None,6714,Good,Unassigned
FHS,None,7593,Good,Unassigned
FHS,None,6769,Good,Unassigned
FHS,None,5869,Good,Unassigned
FHS,None,6695,Good,Unassigned
FHS,None,8489,Good,Unassigned
FHS,None,8412,Good,Unassigned
FHS,None,8410,Good,Unassigned
FHS,None,6620,Good,Unassigned
FHS,None,8446,Good,Unassigned
FHS,None,8447,Good,Unassigned
FHS,None,8448,Good,Unassigned
FHS,None,8449,Good,Unassigned
FHS,None,8445,Good,Unassigned
FHS,None,8703,Good,Unassigned
FHS,None,8702,Good,Unassigned
FHS,None,8701,Good,Unassigned
FHS,None,7958,Good,Unassigned
FHS,None,8700,Good,Unassigned
FHS,None,8704,Good,Unassigned
FHS,None,8745,Good,Unassigned
FHS,None,8747,Good,Unassigned
FHS,None,8748,Good,Unassigned
FHS,None,8455,Good,Unassigned
FHS,None,8749,Good,Unassigned
FHS,None,8640,Good,Unassigned
FHS,None,8641,Good,Unassigned
FHS,None,8642,Good,Unassigned
FHS,None,8643,Good,Unassigned
FHS,None,8644,Good,Unassigned
FHS,None,8454,Good,Unassigned
FHS,None,8453,Good,Unassigned
FHS,None,8452,Good,Unassigned
FHS,None,8451,Good,Unassigned
FHS,None,8450,Good,Unassigned
FHS,None,8790,Good,Unassigned
FHS,None,8791,Good,Unassigned
FHS,None,8792,Good,Unassigned
FHS,None,8793,Good,Unassigned
FHS,None,8535,Good,Unassigned
FHS,None,8536,Good,Unassigned
FHS,None,8537,Good,Unassigned
FHS,None,8538,Good,Unassigned
FHS,None,8539,Good,Unassigned
FHS,None,8615,Good,Unassigned
FHS,None,8616,Good,Unassigned
FHS,None,8617,Good,Unassigned
FHS,None,8618,Good,Unassigned
FHS,None,8619,Good,Unassigned
FHS,None,8630,Good,Unassigned
FHS,None,8631,Good,Unassigned
FHS,None,8632,Good,Unassigned
FHS,None,8633,Good,Unassigned
FHS,None,8634,Good,Unassigned
FHS,None,8480,Good,Unassigned
FHS,None,8481,Good,Unassigned
FHS,None,8482,Good,Unassigned
FHS,None,8483,Good,Unassigned
FHS,None,8484,Good,Unassigned
FHS,None,8575,Good,Unassigned
FHS,None,8576,Good,Unassigned
FHS,None,8577,Good,Unassigned
FHS,None,8578,Good,Unassigned
FHS,None,8579,Good,Unassigned
FHS,None,8425,Good,Unassigned
FHS,None,8426,Good,Unassigned
FHS,None,8427,Good,Unassigned
FHS,None,8428,Good,Unassigned
FHS,None,8429,Good,Unassigned
FHS,None,8566,Good,Unassigned
FHS,None,8568,Good,Unassigned
FHS,None,8560,Good,Unassigned
FHS,None,8569,Good,Unassigned
FHS,None,8561,Good,Unassigned
FHS,None,8562,Good,Unassigned
FHS,None,8563,Good,Unassigned
FHS,None,8564,Good,Unassigned
FHS,None,8460,Good,Unassigned
FHS,None,8465,Good,Unassigned
FHS,None,8461,Good,Unassigned
FHS,None,8462,Good,Unassigned
FHS,None,8463,Good,Unassigned
FHS,None,8464,Good,Unassigned
FHS,None,8691,Good,Unassigned
FHS,None,8692,Good,Unassigned
FHS,None,8693,Good,Unassigned
FHS,None,8694,Good,Unassigned
FHS,None,8625,Good,Unassigned
FHS,None,8626,Good,Unassigned
FHS,None,8627,Good,Unassigned
FHS,None,8628,Good,Unassigned
FHS,None,8629,Good,Unassigned
FHS,None,8725,Good,Unassigned
FHS,None,8728,Good,Unassigned
FHS,None,8727,Good,Unassigned
FHS,None,8729,Good,Unassigned
FHS,None,8530,Good,Unassigned
FHS,None,8531,Good,Unassigned
FHS,None,8533,Good,Unassigned
FHS,None,8534,Good,Unassigned
FHS,None,8405,Good,Unassigned
FHS,None,8406,Good,Unassigned
FHS,None,8804,Good,Unassigned
FHS,None,8408,Good,Unassigned
FHS,None,8409,Good,Unassigned
FHS,None,8775,Good,Unassigned
FHS,None,8776,Good,Unassigned
FHS,None,8777,Good,Unassigned
FHS,None,8778,Good,Unassigned
FHS,None,8779,Good,Unassigned
FHS,None,7960,Good,Unassigned
FHS,None,8638,Good,Unassigned
FHS,None,8766,Good,Unassigned
FHS,None,8767,Good,Unassigned
FHS,None,8768,Good,Unassigned
FHS,None,8795,Good,Unassigned
FHS,None,8769,Good,Unassigned
FHS,None,8595,Good,Unassigned
FHS,None,8596,Good,Unassigned
FHS,None,8597,Good,Unassigned
FHS,None,8599,Good,Unassigned
FHS,None,8555,Good,Unassigned
FHS,None,8556,Good,Unassigned
FHS,None,8557,Good,Unassigned
FHS,None,8558,Good,Unassigned
FHS,None,8559,Good,Unassigned
FHS,None,8439,Good,Unassigned
FHS,None,8438,Good,Unassigned
FHS,None,8437,Good,Unassigned
FHS,None,8436,Good,Unassigned
FHS,None,8435,Good,Unassigned
FHS,None,8585,Good,Unassigned
FHS,None,8586,Good,Unassigned
FHS,None,8587,Good,Unassigned
FHS,None,8588,Good,Unassigned
FHS,None,8589,Good,Unassigned
FHS,None,8680,Good,Unassigned
FHS,None,8681,Good,Unassigned
FHS,None,8682,Good,Unassigned
FHS,None,8683,Good,Unassigned
FHS,None,8684,Good,Unassigned
FHS,None,8665,Good,Unassigned
FHS,None,8666,Good,Unassigned
FHS,None,8667,Good,Unassigned
FHS,None,8466,Good,Unassigned
FHS,None,8668,Good,Unassigned
FHS,None,8467,Good,Unassigned
FHS,None,8669,Good,Unassigned
FHS,None,8475,Good,Unassigned
FHS,None,8476,Good,Unassigned
FHS,None,8477,Good,Unassigned
FHS,None,8478,Good,Unassigned
FHS,None,8479,Good,Unassigned
FHS,None,8750,Good,Unassigned
FHS,None,8751,Good,Unassigned
FHS,None,8752,Good,Unassigned
FHS,None,8753,Good,Unassigned
FHS,None,8754,Good,Unassigned
FHS,None,8440,Good,Unassigned
FHS,None,7957,Good,Unassigned
FHS,None,8441,Good,Unassigned
FHS,None,8442,Good,Unassigned
FHS,None,8443,Good,Unassigned
FHS,None,8444,Good,Unassigned
FHS,None,8655,Good,Unassigned
FHS,None,8656,Good,Unassigned
FHS,None,8657,Good,Unassigned
FHS,None,8658,Good,Unassigned
FHS,None,8659,Good,Unassigned
FHS,None,8540,Good,Unassigned
FHS,None,8541,Good,Unassigned
FHS,None,8542,Good,Unassigned
FHS,None,8543,Good,Unassigned
FHS,None,8685,Good,Unassigned
FHS,None,8544,Good,Unassigned
FHS,None,8760,Good,Unassigned
FHS,None,8761,Good,Unassigned
FHS,None,8762,Good,Unassigned
FHS,None,8763,Good,Unassigned
FHS,None,8764,Good,Unassigned
FHS,None,8605,Good,Unassigned
FHS,None,8606,Good,Unassigned
FHS,None,8607,Good,Unassigned
FHS,None,8608,Good,Unassigned
FHS,None,8609,Good,Unassigned
FHS,None,8695,Good,Unassigned
FHS,None,8696,Good,Unassigned
FHS,None,8697,Good,Unassigned
FHS,None,8698,Good,Unassigned
FHS,None,8699,Good,Unassigned
FHS,None,8635,Good,Unassigned
FHS,None,8636,Good,Unassigned
FHS,None,8637,Good,Unassigned
FHS,None,8421,Good,Unassigned
FHS,None,8407,Good,Unassigned
FHS,None,8431,Good,Unassigned
FHS,None,8798,Good,Unassigned
FHS,None,8720,Good,Unassigned
FHS,None,8721,Good,Unassigned
FHS,None,8722,Good,Unassigned
FHS,None,8723,Good,Unassigned
FHS,None,8724,Good,Unassigned
FHS,None,8715,Good,Unassigned
FHS,None,8716,Good,Unassigned
FHS,None,8717,Good,Unassigned
FHS,None,8718,Good,Unassigned
FHS,None,8719,Good,Unassigned
FHS,None,8645,Good,Unassigned
FHS,None,8646,Good,Unassigned
FHS,None,7961,Good,Unassigned
FHS,None,8647,Good,Unassigned
FHS,None,8468,Good,Unassigned
FHS,None,8469,Good,Unassigned
FHS,None,8648,Good,Unassigned
FHS,None,8649,Good,Unassigned
FHS,None,8660,Good,Unassigned
FHS,None,8661,Good,Unassigned
FHS,None,8662,Good,Unassigned
FHS,None,8663,Good,Unassigned
FHS,None,8664,Good,Unassigned
FHS,None,8650,Good,Unassigned
FHS,None,8651,Good,Unassigned
FHS,None,8652,Good,Unassigned
FHS,None,8653,Good,Unassigned
FHS,None,8654,Good,Unassigned
FHS,None,8705,Good,Unassigned
FHS,None,8706,Good,Unassigned
FHS,None,8707,Good,Unassigned
FHS,None,8708,Good,Unassigned
FHS,None,8709,Good,Unassigned
FHS,None,8670,Good,Unassigned
FHS,None,8671,Good,Unassigned
FHS,None,8672,Good,Unassigned
FHS,None,8673,Good,Unassigned
FHS,None,8674,Good,Unassigned
FHS,None,8500,Good,Unassigned
FHS,None,8501,Good,Unassigned
FHS,None,8502,Good,Unassigned
FHS,None,8503,Good,Unassigned
FHS,None,8504,Good,Unassigned
FHS,None,8620,Good,Unassigned
FHS,None,8621,Good,Unassigned
FHS,None,8622,Good,Unassigned
FHS,None,8623,Good,Unassigned
FHS,None,8624,Good,Unassigned
FHS,None,8515,Good,Unassigned
FHS,None,8516,Good,Unassigned
FHS,None,8517,Good,Unassigned
FHS,None,8518,Good,Unassigned
FHS,None,8519,Good,Unassigned
FHS,None,8590,Good,Unassigned
FHS,None,8591,Good,Unassigned
FHS,None,8592,Good,Unassigned
FHS,None,8593,Good,Unassigned
FHS,None,8594,Good,Unassigned
FHS,None,8490,Good,Unassigned
FHS,None,8491,Good,Unassigned
FHS,None,8492,Good,Unassigned
FHS,None,8493,Good,Unassigned
FHS,None,8494,Good,Unassigned
FHS,None,8505,Good,Unassigned
FHS,None,8506,Good,Unassigned
FHS,None,8507,Good,Unassigned
FHS,None,8508,Good,Unassigned
FHS,None,8509,Good,Unassigned
FHS,None,8710,Good,Unassigned
FHS,None,8712,Good,Unassigned
FHS,None,8713,Good,Unassigned
FHS,None,8714,Good,Unassigned
FHS,None,8730,Good,Unassigned
FHS,None,8731,Good,Unassigned
FHS,None,8732,Good,Unassigned
FHS,None,8733,Good,Unassigned
FHS,None,8734,Good,Unassigned
FHS,None,8470,Good,Unassigned
FHS,None,8471,Good,Unassigned
FHS,None,8472,Good,Unassigned
FHS,None,8473,Good,Unassigned
FHS,None,8474,Good,Unassigned
FHS,None,8675,Good,Unassigned
FHS,None,8676,Good,Unassigned
FHS,None,8677,Good,Unassigned
FHS,None,8678,Good,Unassigned
FHS,None,8679,Good,Unassigned
FHS,None,8520,Good,Unassigned
FHS,None,8521,Good,Unassigned
FHS,None,8522,Good,Unassigned
FHS,None,8523,Good,Unassigned
FHS,None,8524,Good,Unassigned
FHS,None,8785,Good,Unassigned
FHS,None,8786,Good,Unassigned
FHS,None,8787,Good,Unassigned
FHS,None,8788,Good,Unassigned
FHS,None,8789,Good,Unassigned
FHS,None,8525,Good,Unassigned
FHS,None,8526,Good,Unassigned
FHS,None,8527,Good,Unassigned
FHS,None,8528,Good,Unassigned
FHS,None,8420,Good,Unassigned
FHS,None,8529,Good,Unassigned
FHS,None,8780,Good,Unassigned
FHS,None,8781,Good,Unassigned
FHS,None,8782,Good,Unassigned
FHS,None,8783,Good,Unassigned
FHS,None,8570,Good,Unassigned
FHS,None,8571,Good,Unassigned
FHS,None,8572,Good,Unassigned
FHS,None,8573,Good,Unassigned
FHS,None,8574,Good,Unassigned
FHS,None,8510,Good,Unassigned
FHS,None,8511,Good,Unassigned
FHS,None,8512,Good,Unassigned
FHS,None,8513,Good,Unassigned
FHS,None,8514,Good,Unassigned
FHS,None,8770,Good,Unassigned
FHS,None,8726,Good,Unassigned
FHS,None,8771,Good,Unassigned
FHS,None,8772,Good,Unassigned
FHS,None,8773,Good,Unassigned
FHS,None,8774,Good,Unassigned
FHS,None,8744,Good,Unassigned
FHS,None,8743,Good,Unassigned
FHS,None,8741,Good,Unassigned
FHS,None,8740,Good,Unassigned
FHS,None,8583,Good,Unassigned
FHS,None,8584,Good,Unassigned
FHS,None,8580,Good,Unassigned
FHS,None,8581,Good,Unassigned
FHS,None,8582,Good,Unassigned
FHS,None,8604,Good,Unassigned
FHS,None,8603,Good,Unassigned
FHS,None,8423,Good,Unassigned
FHS,None,8602,Good,Unassigned
FHS,None,8601,Good,Unassigned
FHS,None,8600,Good,Unassigned
FHS,None,8735,Good,Unassigned
FHS,None,8737,Good,Unassigned
FHS,None,8736,Good,Unassigned
FHS,None,8738,Good,Unassigned
FHS,None,8739,Good,Unassigned
FHS,None,8456,Good,Unassigned
FHS,None,8457,Good,Unassigned
FHS,None,8458,Good,Unassigned
FHS,None,8639,Good,Unassigned
FHS,None,8459,Good,Unassigned
FHS,None,8495,Good,Unassigned
FHS,None,8496,Good,Unassigned
FHS,None,8497,Good,Unassigned
FHS,None,8498,Good,Unassigned
FHS,None,8499,Good,Unassigned
FHS,None,8610,Good,Unassigned
FHS,None,8611,Good,Unassigned
FHS,None,8612,Good,Unassigned
FHS,None,8614,Good,Unassigned
FHS,None,8613,Good,Unassigned
FHS,None,8689,Good,Unassigned
FHS,None,8688,Good,Unassigned
FHS,None,8687,Good,Unassigned
FHS,None,8686,Good,Unassigned
FHS,None,8784,Good,Unassigned
FHS,None,8552,Good,Unassigned
FHS,None,8551,Good,Unassigned
FHS,None,8550,Good,Unassigned
FHS,None,8553,Good,Unassigned
FHS,None,8554,Good,Unassigned
FHS,None,8759,Good,Unassigned
FHS,None,8758,Good,Unassigned
FHS,None,8757,Good,Unassigned
FHS,None,8756,Good,Unassigned
FHS,None,8755,Good,Unassigned
FHS,None,8415,Good,Unassigned
FHS,None,8416,Good,Unassigned
FHS,None,8419,Good,Unassigned
FHS,None,8418,Good,Unassigned
FHS,None,8417,Good,Unassigned
FHS,None,8545,Good,Unassigned
FHS,None,8546,Good,Unassigned
FHS,None,8547,Good,Unassigned
FHS,None,8485,Good,Unassigned
FHS,None,8548,Good,Unassigned
FHS,None,8549,Good,Unassigned
